;Model;MAE;RMSE;RMSE_log
0;HAR;0.002041;0.017263;2.857139
1;HAR-X;0.002132;0.017228;3.007395
2;RF;0.001203;0.006539;2.714371
