;Model;MAE;RMSE;RMSE_log
0;HAR;0.000121;0.000284;3.448249
1;HAR-X;0.000120;0.000284;3.536235
2;RF;0.000129;0.000277;3.500213
