;Model;MAE;RMSE;RMSE_log
0;HAR;0.001589;0.003928;2.688271
1;HAR-X;0.001607;0.003923;2.882217
2;RF;0.001773;0.004204;2.721167
